ip,anonymityLevel,asn,country,isp,latency,org,port,protocols,responseTime,speed,updated_at,upTime,upTimeSuccessCount,upTimeTryCount
"138.186.93.4","elite","AS263124","BR","ZAP TELECOM LTDA","215","ZAP TELECOM LTDA","5678","socks4","3897","1","2023-07-12T06:26:34.449Z","69","1977","2860"
"118.97.235.36","elite","AS7713","ID","PT. TELKOM INDONESIA","217","N/A","4145","socks4","4604","1","2023-07-12T06:26:29.234Z","99","2794","2814"
"216.107.129.214","elite","AS61317","US","Ipxo LLC","96","N/A","10180","socks5","5102","1","2023-07-12T06:26:29.239Z","100","2779","2780"
"5.22.154.50","elite","AS60829","SK","NEVERNET, s.r.o.","36","NEVERNET, s.r.o","32127","socks4","4410","1","2023-07-12T06:26:29.146Z","99","2835","2852"
"202.21.102.68","elite","AS9484","MN","Mobinet LLC","119","N/A","5678","socks4","4789","1","2023-07-12T06:26:29.232Z","98","2806","2859"
"51.195.209.238","elite","AS16276","GB","OVH SAS","9","Canya Eric","1080","socks5","3403","1","2023-07-12T06:26:29.237Z","92","2615","2831"
"186.251.255.249","elite","AS267513","BR","Seanet Telecom Carazinho Eireli","206","Seanet Telecom Carazinho Eireli","31337","socks4","3197","1","2023-07-12T06:26:29.140Z","99","2795","2832"
"116.202.192.120","elite","AS24940","DE","Hetzner","23","N/A","10002","socks4","5004","1","2023-07-12T06:26:29.235Z","99","2715","2733"
"103.199.97.17","elite","AS45804","IN","New Shivam Cable Network","171","N/A","39825","socks4","4198","1","2023-07-12T06:26:29.142Z","96","2708","2820"
"177.72.82.9","elite","AS262543","BR","Brmom Construindo Conexoes Ltda","294","Brmom Construindo Conexoes Ltda","5678","socks4","2003","1","2023-07-12T06:26:23.940Z","100","2856","2861"
"27.123.1.33","elite","AS45706","ID","PT Tele Globe Global","196","N/A","4153","socks4","5003","1","2023-07-12T06:26:23.944Z","100","2852","2861"
"177.38.5.45","elite","AS52964","BR","FÔBIO MENDES DIAS LTDA ME","279","FÁBIO MENDES DIAS LTDA ME","4153","socks4","4910","1","2023-07-12T06:26:18.640Z","98","2778","2833"
"202.159.30.9","elite","AS9340","ID","PT IndoInternet","161","N/A","443","socks4","4414","1","2023-07-12T06:26:18.638Z","100","2746","2758"
"96.9.86.218","elite","AS131207","KH","SIGROUPS","230","N/A","5678","socks4","4806","1","2023-07-12T06:26:18.645Z","98","2760","2823"
"109.122.80.234","elite","AS41937","RS","RADIJUS VEKTOR Internet network","37","Radijus Vektor DOO","57553","socks4","137","1","2023-07-12T06:26:18.641Z","99","2839","2855"
"185.169.181.19","elite","AS34984","TR","Ates Dc","199","Ibrahim MALA trading as Ates Dc","4145","socks4","3906","1","2023-07-12T06:26:18.738Z","100","2815","2815"
"45.56.112.189","elite","AS63949","US","Akamai Technologies, Inc.","98","Linode","7497","socks5","4094","1","2023-07-12T06:26:18.642Z","100","2802","2804"
"186.10.102.218","elite","AS27651","CL","Entel Chile S.A.","266","Entel Chile S.A","5678","socks4","4715","1","2023-07-12T06:26:13.541Z","98","2715","2765"
"178.245.152.117","elite","AS16135","TR","Turkcell Internet","83","N/A","3128","socks4","156","1","2023-07-12T06:26:13.636Z","33","924","2776"
"185.6.10.141","elite","AS12552","SE","GlobalConnect AB","33","Internet Vikings International AB","38929","socks5","4596","81","2023-07-12T06:26:13.637Z","100","2759","2763"
"140.250.92.253","elite","AS4134","CN","Chinanet","295","Chinanet SD","1080","socks4","894","1","2023-07-12T06:26:08.234Z","73","2077","2841"
"174.138.176.78","elite","AS19318","US","Interserver, Inc","83","Interserver, Inc","17941","socks4","4892","1","2023-07-12T06:26:08.235Z","100","2772","2779"
"115.186.139.69","elite","AS23674","PK","Nayatel (Pvt) Ltd","151","Nayatel","5678","socks4","4991","1","2023-07-12T06:26:08.146Z","99","2775","2793"
"122.4.52.86","elite","AS4134","CN","Chinanet","199","Chinanet SD","10003","socks5","3212","1","2023-07-12T06:26:08.147Z","23","644","2847"
"157.245.62.1","elite","AS14061","SG","DigitalOcean, LLC","189","DigitalOcean, LLC","9050","socks4","5002","1","2023-07-12T06:26:08.148Z","99","2835","2850"
"80.73.87.202","elite","AS21487","RU","Sakhatelecom","192","N/A","4153","socks4","5091","1","2023-07-12T06:26:00.939Z","94","2670","2855"
"177.38.5.254","elite","AS52964","BR","FÔBIO MENDES DIAS LTDA ME","292","FÁBIO MENDES DIAS LTDA ME","4153","socks4","3599","1","2023-07-12T06:26:00.940Z","85","2430","2854"
"45.196.151.43","elite","AS7018","US","AT&T Services","81","AQUA Networks Limited","5432","socks4","5103","1","2023-07-12T06:26:00.936Z","97","2706","2791"
"149.20.253.40","elite","AS18615","US","Mainstream Fiber Networks, LLC","101","Mainstream Fiber Networks, LLC","12551","socks4","4995","1","2023-07-12T06:25:56.143Z","100","2816","2820"
"106.3.142.85","elite","AS23724","CN","IDC, China Telecommunications Corporation","186","Beijing capitalonline data service co., LTD","4153","socks4","4607","1","2023-07-12T06:25:56.035Z","75","2156","2858"
"159.65.245.126","elite","AS14061","US","DigitalOcean, LLC","82","Digital Ocean","7497","socks5","4597","1","2023-07-12T06:25:56.146Z","98","2744","2805"
"185.220.87.150","elite","AS205375","ES","Jose Antonio Ruiz Zamore","37","N/A","4153","socks4","2902","1","2023-07-12T06:25:56.145Z","99","2824","2853"
"176.31.226.57","elite","AS16276","FR","OVH SAS","5","OVH ISP","53499","socks5","2699","1","2023-07-12T06:25:56.148Z","100","2854","2854"
"182.253.166.170","elite","AS17451","ID","BIZNET","189","N/A","5678","socks4","3913","1","2023-07-12T06:25:56.036Z","97","2785","2857"
"93.103.8.183","elite","AS34779","SI","T-2 d.o.o.","40","N/A","4153","socks4","5002","83","2023-07-12T06:25:56.046Z","99","2823","2851"
"45.7.177.249","elite","AS266626","BR","Litoral Telecom","292","Litoral Telecom","39867","socks4","4401","1","2023-07-12T06:25:50.651Z","99","2825","2850"
"189.126.14.226","elite","AS270316","BR","NET NOVO TEMPO","219","NET NOVO TEMPO","1080","socks4","3805","1","2023-07-12T06:25:50.648Z","100","2846","2859"
"45.112.125.51","elite","AS58369","ID","FIBERNET","187","N/A","4145","socks4","3602","1","2023-07-12T06:25:50.735Z","99","2813","2845"
"144.76.163.25","elite","AS24940","DE","Hetzner Online GmbH","26","Hetzner","21364","socks5","1897","1","2023-07-12T06:25:50.742Z","100","2841","2843"
"178.154.228.16","elite","AS200350","RU","Yandex Cloud","49","N/A","9050","socks5","3912","1","2023-07-12T06:25:50.737Z","100","2861","2862"
"104.18.44.93","elite","AS13335","US","Cloudflare, Inc.","2","Cloudflare, Inc.","80","socks4","4717","1","2023-07-12T06:25:45.446Z","100","2738","2738"
"37.1.211.58","elite","AS29802","US","DARL-TELECOM","96","ISPIRIA Networks Ltd","1080","socks4","4801","1","2023-07-12T06:25:45.441Z","99","2802","2823"
"47.242.18.103","elite","AS45102","HK","Alibaba.com LLC","260","Hong Kong","61507","socks5","4989","1","2023-07-12T06:25:45.439Z","85","2400","2813"
"5.39.19.152","elite","AS16276","FR","OVH ISP","5","Caunes Sebastien","46529","socks5","2901","1","2023-07-12T06:25:45.539Z","100","2844","2845"
"212.69.12.193","elite","AS52116","RS","Orion Telekom Tim d.o.o.Beograd","80","Orion Telekom Tim d.o.o.Beograd","1080","socks4","4600","1","2023-07-12T06:25:45.444Z","100","2831","2833"
"157.245.157.72","elite","AS14061","SG","DigitalOcean, LLC","189","DigitalOcean, LLC","60490","socks4","4298","1","2023-07-12T06:25:40.038Z","93","2599","2799"
"190.111.238.127","elite","AS11014","AR","CPS","232","CPS","49017","socks4","3411","1","2023-07-12T06:25:40.038Z","99","2806","2825"
"216.107.129.135","elite","AS61317","US","Ipxo LLC","96","N/A","10180","socks5","1690","1","2023-07-12T06:25:40.050Z","100","2789","2789"
"200.152.100.194","elite","AS21571","BR","MLS Wireless S/A","289","MLS Projetos de Informatica","1080","socks5","4809","1","2023-07-12T06:25:40.037Z","93","2611","2802"
"175.100.72.95","elite","AS38623","KH","VIETTEL (CAMBODIA) PTE., LTD","186","Viettel (cambodia) Pte., Ltd.","55360","socks4","4707","1","2023-07-12T06:25:40.034Z","95","2619","2744"
"152.32.78.24","elite","AS17639","PH","ComClark Network & Technology Corp","197","Convergeict","4145","socks4","4903","1","2023-07-12T06:25:40.042Z","99","2841","2856"
"103.240.33.161","elite","AS132923","IN","Vihaan Telecommunication Pvt. Ltd.","188","Vihaan","8291","socks4","1399","1","2023-07-12T06:25:40.035Z","98","2809","2855"
"45.228.147.209","elite","AS262773","BR","Proxxima Telecomunicacoes Ltda","283","Proxxima Telecomunicacoes Ltda","5678","socks4","4292","1","2023-07-12T06:25:40.041Z","91","2604","2862"
"104.19.138.4","elite","AS13335","US","Cloudflare, Inc.","82","Cloudflare, Inc.","80","socks4","5287","1","2023-07-12T06:25:39.951Z","100","2773","2773"
"103.47.93.221","elite","AS134058","IN","Broban Internet Services Pvt.ltd","187","Broban  PVT Ltd.","1080","socks4","2900","1","2023-07-12T06:25:34.641Z","99","2825","2846"
"193.106.73.102","elite","AS50283","RU","Business Center Ltd","50","Business Center Nov Ltd","41883","socks4","4208","1","2023-07-12T06:25:34.646Z","96","2666","2783"
"103.86.1.9","elite","AS136371","IN","Airwir Technologies Private Limited","191","Airwir Technologies Private Limited","4145","socks4","5092","1","2023-07-12T06:25:34.645Z","100","2846","2852"
"20.247.104.85","elite","AS8075","HK","Microsoft Corporation","193","Microsoft Azure Cloud (eastasia)","49999","socks4","4999","1","2023-07-12T06:25:34.647Z","100","2799","2799"
"180.122.147.184","elite","AS4134","CN","Chinanet","281","Chinanet JS","1080","socks4","4811","1","2023-07-12T06:25:34.640Z","63","1779","2841"
"177.38.5.44","elite","AS52964","BR","FÔBIO MENDES DIAS LTDA ME","293","FÁBIO MENDES DIAS LTDA ME","4153","socks4","4901","82","2023-07-12T06:25:29.340Z","97","2704","2778"
"110.78.149.221","elite","AS131090","TH","CAT-BB","194","N/A","4145","socks4","78","1","2023-07-12T06:25:29.248Z","81","2314","2850"
"64.90.50.227","elite","AS26347","US","New Dream Network, LLC","185","New Dream Network, LLC","55552","socks5","3498","1","2023-07-12T06:25:29.335Z","100","2791","2791"
"149.20.253.108","elite","AS18615","US","Mainstream Fiber Networks, LLC","100","Mainstream Fiber Networks, LLC","12551","socks4","4900","1","2023-07-12T06:25:29.353Z","100","2842","2845"
"45.8.104.168","elite","AS209242","DE","Cloudflare London","14","Araxio Development N.V","80","socks4","200","1","2023-07-12T06:25:29.338Z","100","2790","2790"
"103.74.227.130","elite","AS135697","IN","Tachyon Communications Pvt Ltd","156","Tachyon Communications Pvt Ltd","56417","socks4","4493","1","2023-07-12T06:25:29.336Z","34","971","2820"
"45.114.118.231","elite","AS134451","ID","CLDREU","249","N/A","203","socks4","4909","1","2023-07-12T06:25:23.740Z","98","2739","2804"
"103.212.93.225","elite","AS138312","IN","Best Telnet Services Private Limited","186","Best telnet services private limited","45639","socks4","5105","1","2023-07-12T06:25:23.743Z","99","2831","2850"
"47.243.190.17","elite","AS45102","HK","Alibaba (US) Technology Co., Ltd.","287","Alibaba.com LLC","8000","socks5","4292","1","2023-07-12T06:25:23.748Z","80","2217","2773"
"197.234.13.25","elite","AS36902","SC","Intelvision","193","Intelvision Ltd","4145","socks4","2812","1","2023-07-12T06:25:23.749Z","100","2841","2852"
"185.118.129.44","elite","AS12952","IQ","Knowledge Path Information Technology ISP","89","N/A","8080","socks4","4696","1","2023-07-12T06:25:23.934Z","38","1061","2826"
"72.252.4.49","elite","AS396899","US","Natural G.C. Inc","192","Columbus Networks USA","4145","socks4","4802","1","2023-07-12T06:25:23.741Z","97","2772","2860"
"177.66.195.114","elite","AS262503","BR","Wiki Telecomunicacoes Eireli","204","Maranhão Telecom ltda ME","4145","socks4","4701","1","2023-07-12T06:25:23.742Z","99","2807","2842"
"45.251.231.213","elite","AS59362","BD","KS Network","201","Nazmul Karim Bhuiyan","5678","socks4","5098","1","2023-07-12T06:25:23.747Z","99","2825","2856"
"180.122.151.182","elite","AS4134","CN","Chinanet","215","Chinanet JS","28643","socks5","4795","2","2023-07-12T06:25:23.737Z","74","2096","2844"
"125.27.251.173","elite","AS23969","TH","TOT Public Company Limited","183","TOT Public Company Limited","33008","socks4","3698","1","2023-07-12T06:25:18.542Z","24","684","2860"
"187.95.82.38","elite","AS262696","BR","Turbonet Telecomunicações","196","Turbonet Telecomunicações","3629","socks4","5190","1","2023-07-12T06:25:18.540Z","98","2804","2853"
"5.160.186.110","elite","AS42337","IR","Respina Networks & Beyond PJSC","129","Respina","5678","socks4","4088","1","2023-07-12T06:25:12.747Z","97","2762","2854"
"181.198.32.211","elite","AS27947","EC","Telconet S.A","160","Clientes Quito","4153","socks4","2896","1","2023-07-12T06:25:12.746Z","100","2818","2820"
"141.164.36.205","elite","AS20473","KR","KOR VULTR","297","N/A","54301","socks5","5086","1","2023-07-12T06:25:12.745Z","49","1407","2863"
"149.20.253.52","elite","AS18615","US","Mainstream Fiber Networks, LLC","100","Mainstream Fiber Networks, LLC","12551","socks4","5001","1","2023-07-12T06:25:08.035Z","100","2854","2856"
"106.14.222.35","elite","AS37963","CN","Alibaba (US) Technology Co","289","Aliyun Computing Co., LTD","57461","socks5","4297","1","2023-07-12T06:25:07.942Z","80","2283","2849"
"1.20.137.82","elite","AS23969","TH","TOT Public Company Limited","194","TOT Mobile Co LTD","32241","socks4","4805","1","2023-07-12T06:25:07.945Z","100","2850","2860"
"170.254.255.242","elite","AS52584","BR","Connect Fibra","303","Connect Fibra","45816","socks4","5001","1","2023-07-12T06:25:07.939Z","98","2787","2832"
"104.19.171.188","elite","AS13335","US","Cloudflare, Inc.","2","Cloudflare, Inc.","80","socks5","3912","1","2023-07-12T06:25:07.941Z","100","2749","2749"
"182.253.159.115","elite","AS17451","ID","BIZNET","190","N/A","5678","socks4","805","1","2023-07-12T06:25:02.345Z","90","2530","2820"
"79.127.127.7","elite","AS43754","IR","Asiatech Data Transmission company","105","Asiatech Data Transmission company","1369","socks4","5002","1","2023-07-12T06:24:56.433Z","89","2536","2860"
"178.47.139.50","elite","AS12389","RU","PJSC Rostelecom","82","Static distribution IPs for broadband services","8080","socks5","5011","1","2023-07-12T06:24:56.447Z","60","1708","2851"
"62.171.137.122","elite","AS51167","DE","Contabo GmbH","16","Contabo GmbH","61568","socks5","4892","1","2023-07-12T06:24:56.448Z","100","2789","2792"
"36.91.190.61","elite","AS7713","ID","PT. Telekomunikasi Indonesia","234","Telekomunikasi Indonesia","5678","socks4","2506","1","2023-07-12T06:24:56.341Z","97","2777","2853"
"103.208.200.222","elite","AS133275","IN","Gigantic","192","N/A","4670","socks4","1004","1","2023-07-12T06:24:56.444Z","99","2777","2811"
"116.118.48.208","elite","AS63760","VN","AZDIGI Corporation","285","N/A","35050","socks4","4995","1","2023-07-12T06:24:56.346Z","99","2846","2863"
"5.39.93.167","elite","AS16276","FR","OVH SAS","5","OVH ISP","22851","socks4","5017","1","2023-07-12T06:24:56.449Z","100","2856","2856"
"213.16.81.147","elite","AS12301","HU","Invitech ICT Services Kft.","39","SzerSzoft","5678","socks4","4803","1","2023-07-12T06:24:51.247Z","99","2831","2856"
"203.30.190.57","elite","AS209242","US","Cloudflare London","11","Umpire Associates LTD","80","socks4","1604","1","2023-07-12T06:24:51.238Z","100","2848","2848"
"43.130.199.69","elite","AS132203","CA","Shenzhen Tencent Computer Systems Company Limited","94","Tencent Cloud Computing","443","socks5","3817","1","2023-07-12T06:24:51.240Z","78","2208","2818"
"44.190.9.101","elite","AS15102","CA","Corridor Communications, INC.","133","Amateur Radio Digital Communications","48100","socks4","2505","1","2023-07-12T06:24:51.244Z","99","2743","2763"
"170.254.255.237","elite","AS52584","BR","Connect Fibra","281","Connect Fibra","45816","socks4","5004","82","2023-07-12T06:24:44.137Z","98","2772","2824"
"110.73.11.181","elite","AS4837","CN","China Unicom Guangxi Province Network","189","N/A","8123","socks4","5095","1","2023-07-12T06:24:44.141Z","74","2059","2799"
"77.232.160.106","elite","AS44391","RU","LTD Elektrosvyaz","79","LTD Elektrosvyaz","4153","socks4","4896","82","2023-07-12T06:24:44.140Z","99","2750","2782"
"75.119.204.185","elite","AS26347","US","New Dream Network, LLC","190","New Dream Network, LLC","42863","socks5","4898","79","2023-07-12T06:24:44.051Z","100","2827","2830"
"177.125.206.157","elite","AS262346","BR","FP Telecomunicacoes Ltda","282","FP Telecomunicacoes Ltda","4145","socks4","5092","1","2023-07-12T06:24:44.135Z","83","2296","2760"
"116.58.232.91","elite","AS131090","TH","CAT-BB","191","N/A","4145","socks4","4904","1","2023-07-12T06:24:44.138Z","73","2075","2860"
"35.196.18.239","elite","AS15169","US","Google LLC","98","Google Cloud (us-east1)","80","socks5","4907","1","2023-07-12T06:24:44.139Z","100","2782","2783"
"182.160.127.236","elite","AS24323","BD","Aamra Networks Limited","185","Aamra Networks Limited","5678","socks4","4903","1","2023-07-12T06:24:38.943Z","97","2766","2847"
"45.126.169.193","elite","AS134014","IN","NET 4 U SERVICES PVT LTD","202","NET 4 U Services PVT LTD","4145","socks4","4805","1","2023-07-12T06:24:38.939Z","100","2830","2844"
"88.212.26.206","elite","AS42841","SK","Antik Network","91","ANTIK Telecom s.r.o.","5678","socks4","4996","1","2023-07-12T06:24:38.941Z","99","2714","2752"
"66.42.60.190","elite","AS20473","SG","Choopa","156","N/A","21358","socks5","4794","1","2023-07-12T06:24:33.840Z","97","2720","2793"
"141.94.106.133","elite","AS16276","FR","OVH SAS","6","OVH","8080","socks4","4908","1","2023-07-12T06:24:33.937Z","100","2772","2772"
"161.35.125.167","elite","AS14061","US","DigitalOcean, LLC","86","DigitalOcean, LLC","7497","socks5","4373","1","2023-07-12T06:24:33.935Z","100","2857","2864"
"186.226.145.228","elite","AS28343","BR","Unifique TelecomunicaÔÔes SA","232","Unifique Telecomunicações SA","4145","socks4","4793","1","2023-07-12T06:24:33.835Z","100","2849","2851"
"78.109.139.51","elite","AS43314","RU","JSC \"ER-Telecom Holding\"","93","JSC local network","5678","socks4","4997","1","2023-07-12T06:24:33.842Z","100","2774","2782"
"208.83.234.132","elite","AS20473","US","The Constant Company","198","Vultr Holdings, LLC","11558","socks5","4808","1","2023-07-12T06:24:28.651Z","77","2187","2847"
"149.20.253.101","elite","AS18615","US","Mainstream Fiber Networks, LLC","101","Mainstream Fiber Networks, LLC","12551","socks4","5092","82","2023-07-12T06:24:28.745Z","100","2854","2858"
"1.20.220.79","elite","AS23969","TH","TOT Public Company Limited","190","TOT Mobile Co LTD","4145","socks4","5092","53","2023-07-12T06:24:28.744Z","86","2460","2855"
"129.226.20.169","elite","AS132203","IN","Tencent Cloud Computing (Beijing) Co","123","N/A","443","socks4","4601","1","2023-07-12T06:24:28.734Z","84","2378","2840"
"208.109.39.171","elite","AS398101","US","GoDaddy.com, LLC","134","GoDaddy.com, LLC","58438","socks4","4912","1","2023-07-12T06:24:28.647Z","100","2771","2771"
"178.236.118.115","elite","AS51151","ES","Comunicaciones Enersol, S.L.","82","COMENERSOL","5678","socks4","4196","1","2023-07-12T06:24:28.743Z","88","2483","2835"
"113.125.45.40","elite","AS58519","CN","Cloud Computing Corporation","227","Chinanet SD","59290","socks5","4702","1","2023-07-12T06:24:23.233Z","33","950","2854"
"185.238.228.240","elite","AS209242","MT","Cloudflare London","15","Invermae Solutions SL","80","socks4","3502","1","2023-07-12T06:24:23.238Z","100","2868","2868"
"206.189.15.100","elite","AS14061","NL","DigitalOcean, LLC","11","DigitalOcean, LLC","54330","socks5","4409","1","2023-07-12T06:24:23.340Z","100","2856","2856"
"43.157.32.230","elite","AS132203","DE","Aceville Pte.ltd","11","N/A","443","socks5","1198","1","2023-07-12T06:24:23.237Z","58","1628","2812"
"171.244.10.204","elite","AS38731","VN","VIETEL","185","Viettel Corporation","21709","socks4","5191","2","2023-07-12T06:24:23.241Z","98","2763","2818"
"197.234.13.47","elite","AS36902","SC","Intelvision","166","Intelvision Ltd","4145","socks4","4298","1","2023-07-12T06:24:23.244Z","99","2776","2790"
"181.113.34.86","elite","AS28006","EC","Corporacion Nacional De Telecomunicaciones - CNT EP","196","Corporacion Nacional De Telecomunicaciones - CNT EP","48024","socks4","4904","1","2023-07-12T06:24:23.240Z","99","2706","2734"
"210.210.154.61","elite","AS4787","ID","CBN","196","N/A","5678","socks5","4494","1","2023-07-12T06:24:23.242Z","100","2839","2844"
"154.117.212.18","elite","AS327799","BI","2G+3G+4G","161","N/A","5678","socks4","4802","1","2023-07-12T06:24:23.338Z","98","2685","2744"
"203.24.103.131","elite","AS209242","VG","Cloudflare London, LLC","12","Anaga Consulting Limited","80","socks4","4095","1","2023-07-12T06:24:17.848Z","100","2777","2778"
"80.232.245.122","elite","AS12578","LV","LATTELEKOM","44","Bridge Group","8080","socks4","4915","1","2023-07-12T06:24:17.855Z","100","2758","2761"
"14.63.1.108","elite","AS4766","KR","Korea Telecom","234","Kornet","4145","socks4","1797","1","2023-07-12T06:24:17.852Z","100","2741","2743"
"180.158.149.28","elite","AS4812","CN","China Telecom (Group)","228","Chinanet SH","2080","socks5","4700","1","2023-07-12T06:24:12.538Z","45","1277","2825"
"177.12.176.250","elite","AS263033","BR","Linxbr Telecomunicacoes Ltda","193","Linkli Telecomunicacoes Ltda","4153","socks4","4989","1","2023-07-12T06:24:12.535Z","100","2818","2824"
"102.66.232.126","elite","AS328471","ZA","HERO TELECOMS (PTY) LTD","289","Herotel","5678","socks4","4299","1","2023-07-12T06:24:12.540Z","44","1225","2796"
"103.209.230.193","elite","AS135115","BD","WIMS1","189","N/A","4153","socks4","4795","1","2023-07-12T06:24:12.541Z","99","2823","2849"
"203.150.145.95","elite","AS4618","TH","Internet Thailand Company Ltd","183","INEXT Broadband Company Limited","8080","socks5","4412","1","2023-07-12T06:24:12.642Z","100","2731","2733"
"185.81.96.226","elite","AS201227","IR","Mizban Dade Pasargad","102","Mizban Dade Pasargad LLC","9999","socks5","4704","1","2023-07-12T06:24:12.643Z","93","2545","2745"
"104.16.143.127","elite","AS13335","US","Cloudflare, Inc.","2","Cloudflare, Inc.","80","socks5","4504","1","2023-07-12T06:24:12.543Z","100","2768","2768"
"197.234.13.34","elite","AS36902","SC","Intelvision","200","Intelvision Ltd","4145","socks4","4706","1","2023-07-12T06:24:12.437Z","100","2849","2859"
"103.132.54.54","elite","AS138123","ID","PT. ADEAKSA INDO JAYATAMA","197","Dexa","1080","socks4","4994","1","2023-07-12T06:24:07.249Z","99","2827","2857"
"182.54.148.1","elite","AS134014","IN","NET 4 U SERVICES","192","N/A","4145","socks4","1604","82","2023-07-12T06:24:07.239Z","90","2476","2737"
"103.81.117.122","elite","AS135851","IN","Excogitate Technologies Pvt. Ltd","183","Excogitate Technologies Pvt Ltd","4153","socks4","4799","1","2023-07-12T06:24:07.147Z","97","2776","2855"
"103.113.152.58","elite","AS45766","BD","Md Ziaul Huque","193","N/A","5678","socks4","3302","1","2023-07-12T06:24:07.149Z","98","2794","2847"
"5.160.168.134","elite","AS42337","IR","Respina Networks & Beyond PJSC","104","Respina","5678","socks4","4399","1","2023-07-12T06:24:07.235Z","97","2643","2738"
"159.65.242.254","elite","AS14061","US","DigitalOcean, LLC","83","Digital Ocean","7497","socks5","4801","81","2023-07-12T06:24:07.238Z","97","2730","2824"
"45.112.125.57","elite","AS58369","ID","FIBERNET","163","N/A","4145","socks4","5104","1","2023-07-12T06:24:07.145Z","99","2802","2833"
"148.251.232.232","elite","AS24940","DE","Hetzner Online GmbH","82","Hetzner","30064","socks4","4198","8","2023-07-12T06:24:01.638Z","100","2841","2843"
"93.171.224.47","elite","AS211570","UA","PE TV and Radio Company Kentavr-TV","82","PE TV and Radio Company Kentavr-TV","4153","socks4","3888","1","2023-07-12T06:24:01.741Z","99","2802","2825"
"178.128.119.195","elite","AS14061","SG","DigitalOcean, LLC","178","Digitalocean","3128","socks4","4699","1","2023-07-12T06:24:01.637Z","100","2804","2805"
"190.96.18.88","elite","AS14259","CL","Gtd Internet S.A.","282","Manquehuenet","5678","socks4","4585","1","2023-07-12T06:23:56.340Z","98","2796","2848"
"154.66.108.9","elite","AS37642","LS","Comnet Pty Ltd","288","ISPClients","10081","socks4","4502","1","2023-07-12T06:23:56.338Z","99","2833","2850"
"212.69.12.41","elite","AS52116","RS","Orion Telekom Tim d.o.o.Beograd","37","Orion Telekom Tim d.o.o.Beograd","1080","socks4","4787","1","2023-07-12T06:23:56.348Z","100","2838","2838"
"222.134.135.254","elite","AS4837","CN","CNC Group CHINA169 Shandong Province Network","187","N/A","7302","socks5","4504","1","2023-07-12T06:23:56.339Z","80","2218","2780"
"95.85.254.138","elite","AS43708","CZ","METRONET s.r.o.","99","Metronet","5678","socks4","4596","1","2023-07-12T06:23:56.346Z","70","1961","2798"
"203.13.32.193","elite","AS209242","CY","Cloudflare London, LLC","100","Lachtaristo Holdings Limited","80","socks4","4998","1","2023-07-12T06:23:56.345Z","100","2839","2840"
"143.202.226.31","elite","AS262346","BR","FP Telecomunicacoes Ltda","211","FP Telecomunicacoes Ltda","4145","socks4","3204","1","2023-07-12T06:23:51.039Z","78","2224","2855"
"202.152.51.44","elite","AS4800","ID","PT Aplikanusa Lintasarta","218","LA EI","8080","socks4","86","1","2023-07-12T06:23:51.036Z","95","2596","2732"
"180.124.152.107","elite","AS4134","CN","Chinanet","280","Chinanet JS","8902","socks4","4799","1","2023-07-12T06:23:51.040Z","56","1587","2845"
"62.201.214.45","elite","AS44217","IQ","IQnet-SU","78","N/A","5678","socks4","184","81","2023-07-12T06:23:50.955Z","100","2793","2798"
"187.95.80.141","elite","AS262696","BR","Turbonet Telecomunicações","195","Turbonet Telecomunicações","3629","socks4","3291","1","2023-07-12T06:23:50.953Z","99","2839","2854"
"43.239.75.193","elite","AS133443","BD","COL","200","N/A","4145","socks4","4895","1","2023-07-12T06:23:50.952Z","99","2780","2819"
"93.171.224.57","elite","AS211570","UA","PE TV and Radio Company Kentavr-TV","49","PE TV and Radio Company Kentavr-TV","4153","socks4","3191","1","2023-07-12T06:23:46.237Z","99","2829","2854"
"86.57.181.122","elite","AS6697","BY","Republican Unitary Telecommunication Enterprise Beltelecom","50","Byfly Vitebsk","51801","socks4","1911","1","2023-07-12T06:23:46.137Z","97","2758","2845"
"109.125.132.244","elite","AS49100","IR","PTS-Network","192","N/A","30319","socks4","4405","1","2023-07-12T06:23:46.139Z","88","2498","2841"
"151.232.18.66","elite","AS58224","IR","Iran Telecommunication Company PJS","191","N/A","5678","socks4","4596","1","2023-07-12T06:23:46.142Z","84","2399","2857"
"203.32.121.161","elite","AS209242","VG","Cloudflare London, LLC","11","Anaga Consulting Limited","80","socks5","5197","1","2023-07-12T06:23:46.135Z","100","2743","2743"
"94.139.170.82","elite","AS206065","IR","Farabord Dadeh Haye Iranian Co.","173","FDI LTE Static","33848","socks4","4893","1","2023-07-12T06:23:40.647Z","99","2851","2871"
"93.171.224.56","elite","AS211570","UA","PE TV and Radio Company Kentavr-TV","49","PE TV and Radio Company Kentavr-TV","4153","socks4","5001","1","2023-07-12T06:23:40.733Z","99","2834","2861"
"161.35.229.155","elite","AS14061","US","DigitalOcean, LLC","153","DigitalOcean, LLC","61658","socks5","5095","1","2023-07-12T06:23:40.646Z","100","2810","2811"
"124.156.157.218","elite","AS132203","HK","Tencent Cloud Computing (Beijing) Co","250","N/A","35286","socks4","3312","1","2023-07-12T06:23:40.645Z","100","2841","2846"
"168.227.158.25","elite","AS52898","BR","Multipla ServiÔos Inteligentes","282","Multipla Serviços Inteligentes","4145","socks4","4795","1","2023-07-12T06:23:40.648Z","99","2847","2865"
"192.241.129.169","elite","AS14061","US","DigitalOcean, LLC","83","Digital Ocean","5566","socks4","5202","1","2023-07-12T06:23:40.650Z","62","1704","2767"
"203.24.108.231","elite","AS209242","CY","Cloudflare London, LLC","14","Lachtaristo Holdings Limited","80","socks4","1294","1","2023-07-12T06:23:40.649Z","100","2852","2852"
"51.68.87.73","elite","AS16276","FR","OVH SAS","8","OVH","45177","socks4","4707","1","2023-07-12T06:23:33.739Z","100","2808","2809"
"103.124.95.254","elite","AS131353","VN","NhanHoa Software company","194","NhanHoa Software company","55338","socks4","4596","1","2023-07-12T06:23:33.640Z","96","2730","2854"
"101.95.182.26","elite","AS4812","CN","China Telecom (Group)","298","Chinanet SH","5678","socks4","4905","1","2023-07-12T06:23:33.635Z","79","2254","2855"
"93.126.56.30","elite","AS44375","IR","Asmanfaraz Sepahan Company (P.J.S)","105","Asmanfaraz Sepahan Isdp","4153","socks4","4598","1","2023-07-12T06:23:33.636Z","99","2823","2854"
"206.72.206.45","elite","AS19318","US","Interserver, Inc","99","Interserver, Inc","1080","socks5","4799","1","2023-07-12T06:23:33.741Z","96","2690","2803"
"116.58.232.75","elite","AS131090","TH","CAT-BB","196","N/A","4145","socks4","4586","1","2023-07-12T06:23:33.641Z","70","1981","2840"
"41.184.106.17","elite","AS29091","NG","ipNX Nigeria Limited","172","ipNX NIGERIA LIMITED","5678","socks4","5206","1","2023-07-12T06:23:33.639Z","96","2721","2836"
"190.128.203.214","elite","AS23201","PY","Telecel S.A.","285","Telecel S.A","3128","socks4","4995","1","2023-07-12T06:23:33.642Z","100","2798","2801"
"139.59.58.141","elite","AS14061","IN","DigitalOcean","191","DigitalOcean, LLC","7497","socks5","2387","1","2023-07-12T06:23:28.434Z","86","2368","2744"
"190.214.50.158","elite","AS28006","EC","Corporacion Nacional De Telecomunicaciones - CNT EP","169","Comite De LA Unidad De Hemodialisis De LA Provinci","55617","socks5","1087","1","2023-07-12T06:23:28.442Z","99","2722","2760"
"188.114.98.25","elite","AS13335","NL","Cloudflare, Inc.","2","CloudFlare, Inc.","443","socks4","4900","1","2023-07-12T06:23:28.438Z","100","2762","2762"
"14.102.64.209","elite","AS18002","IN","WORLDPHONE","148","N/A","60616","socks4","4987","1","2023-07-12T06:23:28.440Z","99","2837","2863"
"80.78.23.20","elite","AS39287","SE","ab stract","93","ab stract","80","socks4","3902","1","2023-07-12T06:23:28.534Z","88","2498","2844"
"84.244.69.29","elite","AS25248","CZ","BlueTone-CRa","31","DATRON, a.s.","443","socks4","4401","1","2023-07-12T06:23:28.439Z","100","2819","2825"
"177.36.35.166","elite","AS262907","BR","BRASIL TECNOLOGIA E PARTICIPACOES S/A","291","BRASIL TECNOLOGIA E PARTICIPACOES S/A","5678","socks4","4599","1","2023-07-12T06:23:23.134Z","99","2833","2849"
"69.163.160.191","elite","AS26347","US","New Dream Network, LLC","151","New Dream Network, LLC","41610","socks5","4788","1","2023-07-12T06:23:23.139Z","100","2806","2806"
"36.90.119.63","elite","AS7713","ID","PT. Telekomunikasi Indonesia","186","Telekomunikasi Indonesia","4153","socks4","3691","1","2023-07-12T06:23:17.745Z","87","2501","2859"
"38.127.179.236","elite","AS174","US","Cogent Communications","80","Torlandia Trading SRL","2093","socks5","921","82","2023-07-12T06:23:17.933Z","100","2766","2767"
"185.206.80.227","elite","AS210021","IQ","DIL Technology Limited","82","Diltechnology","10801","socks4","2700","1","2023-07-12T06:23:17.848Z","40","1142","2861"
"91.93.143.10","elite","AS34984","TR","Superonline Iletisim Hizmetleri A.S.","68","Superonline Iletisim Hizmetleri","4153","socks4","4197","82","2023-07-12T06:23:17.833Z","99","2807","2835"
"178.32.116.232","elite","AS16276","FR","OVH SAS","5","OVH ISP","57123","socks5","4908","1","2023-07-12T06:23:17.849Z","100","2806","2806"
"188.255.238.255","elite","AS52116","RS","Orion Telekom ISP IP network","71","Orion Telekom Tim d.o.o.Beograd","5678","socks4","5197","1","2023-07-12T06:23:17.850Z","90","2565","2865"
"47.243.207.3","elite","AS45102","HK","Alibaba (US) Technology Co., Ltd.","271","Alibaba.com LLC","33967","socks5","3794","1","2023-07-12T06:23:17.746Z","54","1536","2823"
"114.235.28.76","elite","AS4134","CN","Chinanet","200","Chinanet JS","2829","socks4","4799","1","2023-07-12T06:23:17.835Z","56","1553","2785"
"38.127.179.195","elite","AS174","US","Cogent Communications","81","Torlandia Trading SRL","46656","socks4","4792","1","2023-07-12T06:23:12.536Z","100","2790","2793"
"170.233.176.128","elite","AS52268","AR","Copelco Ltda.","246","Copelco Ltda.","4145","socks4","5002","1","2023-07-12T06:23:12.336Z","97","2731","2802"
"45.196.150.167","elite","AS7018","US","AT&T Services, Inc.","87","AQUA Networks Limited","5432","socks4","2797","1","2023-07-12T06:23:12.344Z","97","2726","2796"
"103.81.15.113","elite","AS135792","IN","Syswall Telecom Pvt. Ltd.","191","Syswall Telecom Pvt. Ltd.","44832","socks4","4085","1","2023-07-12T06:23:12.347Z","99","2832","2851"
"78.38.108.195","elite","AS58224","IR","Iran Telecommunication Company PJS","199","Abol Medical University","1080","socks5","4507","1","2023-07-12T06:23:12.337Z","74","2103","2845"
"81.169.187.194","elite","AS6724","DE","Strato AG","21","Strato AG","80","socks5","4998","1","2023-07-12T06:23:12.345Z","100","2833","2835"
"43.134.238.25","elite","AS132203","SG","Aceville Pte.ltd","319","N/A","443","socks4","4985","2","2023-07-12T06:23:12.250Z","91","2577","2821"
"168.195.50.225","elite","AS265420","BR","Antonio Carlos Atella Ferreira Junior","199","Antonio Carlos Atella Ferreira Junior","4153","socks4","5088","86","2023-07-12T06:23:07.035Z","99","2788","2822"
"185.162.95.125","elite","AS41722","RU","MIRAN-VS","48","N/A","10001","socks4","4598","1","2023-07-12T06:23:07.036Z","100","2784","2788"
"88.198.219.62","elite","AS24940","DE","Hetzner Online GmbH","22","Hetzner","80","socks4","4589","85","2023-07-12T06:23:06.950Z","100","2772","2775"
"140.83.52.194","elite","AS31898","JP","Oracle Corporation","292","Oracle Cloud Infrastructure (ap-osaka-1)","59793","socks5","4498","3","2023-07-12T06:23:06.947Z","98","2798","2843"
"95.182.78.11","elite","AS50648","UA","PE UAinet","46","PE UAinet","5678","socks4","4991","1","2023-07-12T06:23:06.943Z","99","2799","2822"
"45.7.177.240","elite","AS266626","BR","Litoral Telecom","232","Litoral Telecom","39867","socks4","4998","2","2023-07-12T06:23:06.949Z","99","2708","2747"
"223.25.98.82","elite","AS9341","ID","PT Indonesia Comnets Plus","218","Sinerginet","5678","socks4","4990","1","2023-07-12T06:23:06.948Z","87","2483","2843"
"103.109.59.209","elite","AS151080","BD","Skynet Chowmuhani","248","N/A","1080","socks4","4990","1","2023-07-12T06:23:01.643Z","99","2780","2818"
"1.2.209.194","elite","AS23969","TH","TOT Public Company Limited","184","TOT Public Company Limited","4145","socks4","4701","1","2023-07-12T06:23:01.641Z","71","2026","2854"
"202.124.43.249","elite","AS9902","KH","NeocomISP Limited","181","NeocomISP Limited","4145","socks4","4507","1","2023-07-12T06:23:01.733Z","100","2831","2838"
"195.231.72.145","elite","AS202242","IT","Aruba S.p.A.","23","Aruba S.p.A. - Cloud Services","1080","socks4","1301","1","2023-07-12T06:23:01.737Z","99","2823","2862"
"170.246.196.42","elite","AS52974","BR","Henet Telecomunicacoes Ltda","291","Henet Telecomunicacoes Ltda","4153","socks4","4903","1","2023-07-12T06:23:01.646Z","86","2450","2860"
"122.146.1.61","elite","AS9919","TW","New Century InfoComm Tech. Co., Ltd.","284","NCICNET","1080","socks5","5195","1","2023-07-12T06:22:56.249Z","100","2797","2800"
"167.99.0.66","elite","AS14061","US","DigitalOcean, LLC","86","Digital Ocean","5262","socks4","1396","82","2023-07-12T06:22:56.248Z","100","2789","2799"
"80.191.185.156","elite","AS58224","IR","Iran Telecommunication Company PJS","135","Guilan Telecommunication Company","5678","socks4","4687","1","2023-07-12T06:22:56.245Z","86","2452","2857"
"202.159.35.97","elite","AS9340","ID","PT IndoInternet","181","N/A","443","socks4","4902","1","2023-07-12T06:22:56.246Z","100","2810","2815"
"110.77.163.63","elite","AS131090","TH","CAT-BB","191","N/A","4145","socks4","4596","1","2023-07-12T06:22:56.241Z","86","2405","2794"
"190.239.23.33","elite","AS6147","PE","Telefonica del Peru","188","PE-TDPERX5-LACNIC","5678","socks4","4901","1","2023-07-12T06:22:56.243Z","97","2692","2789"
"1.2.187.124","elite","AS23969","TH","TOT Public Company Limited","153","TOT Public Company Limited","4145","socks4","5006","1","2023-07-12T06:22:51.041Z","63","1778","2814"
"110.34.166.184","elite","AS45652","SG","Krypt Technologies","299","Vpls Sin1","4153","socks4","3593","1","2023-07-12T06:22:51.049Z","99","2816","2849"
"192.154.195.76","elite","AS64200","US","Vivid-hosting LLC","197","Vivid-hosting LLC","9000","socks5","4687","1","2023-07-12T06:22:51.050Z","100","2727","2731"
"114.242.116.61","elite","AS4808","CN","China Unicom Beijing Province Network","248","N/A","4145","socks4","5182","1","2023-07-12T06:22:51.045Z","79","2236","2820"
"14.207.123.29","elite","AS45629","TH","Triple T Broadband Public Company Limited","152","Triple T Broadband Public Company Limited","8080","socks4","5189","1","2023-07-12T06:22:45.943Z","97","2698","2773"
"45.196.151.97","elite","AS7018","US","AT&T Services","94","AQUA Networks Limited","5432","socks5","4490","2","2023-07-12T06:22:45.947Z","98","2732","2800"
"193.111.198.193","elite","AS24961","DE","myLoc managed IT AG","14","myLoc managed IT AG","54825","socks5","5006","2","2023-07-12T06:22:45.941Z","100","2851","2851"
"45.196.148.67","elite","AS7018","US","AT&T Services","86","AQUA Networks Limited","5432","socks4","4913","1","2023-07-12T06:22:45.944Z","97","2724","2802"
"85.25.93.172","elite","AS8972","FR","Host Europe GmbH","8","HE Mass","5566","socks4","3897","1","2023-07-12T06:22:45.940Z","97","2754","2825"
"222.241.144.17","elite","AS4134","CN","Chinanet","227","N/A","2080","socks5","5086","1","2023-07-12T06:22:40.546Z","44","1211","2766"
"85.143.173.198","elite","AS201848","RU","Trader soft LLC","47","Trader soft LLC","8444","socks5","4898","82","2023-07-12T06:22:40.647Z","99","2833","2861"
"89.25.23.210","elite","AS41313","BG","NOVATEL-AS","51","\"NOVATEL\" EOOD","4153","socks4","4601","1","2023-07-12T06:22:40.646Z","100","2857","2857"
"50.201.133.122","elite","AS7922","US","Comcast Cable Communications, LLC","99","Comcast Cable Communications, LLC","3355","socks4","4995","1","2023-07-12T06:22:40.550Z","100","2859","2862"
"103.47.93.246","elite","AS134058","IN","Broban Internet Services Pvt.ltd","198","Broban  PVT Ltd.","1080","socks4","3696","1","2023-07-12T06:22:40.542Z","99","2744","2773"
"64.225.28.9","elite","AS14061","US","DigitalOcean, LLC","79","DigitalOcean, LLC","52700","socks5","2486","1","2023-07-12T06:22:40.545Z","22","607","2729"
"38.127.173.249","elite","AS174","US","Cogent Communications","80","Torlandia Trading SRL","55994","socks5","3905","1","2023-07-12T06:22:35.341Z","100","2772","2773"
"103.86.1.2","elite","AS136371","IN","Airwir Technologies Private Limited","189","Airwir Technologies Private Limited","4145","socks4","4901","1","2023-07-12T06:22:35.149Z","100","2820","2822"
"91.226.35.37","elite","AS56622","UA","DVS-Sat LLC","36","DVS-Sat LLC","5678","socks5","4898","1","2023-07-12T06:22:35.239Z","98","2805","2851"
"194.48.151.217","elite","AS204396","ES","OLVERA CA.T.V., S. COOP. AND.","81","OLVERA CA.T.V., S. COOP","5678","socks4","3808","1","2023-07-12T06:22:35.340Z","65","1824","2820"
"113.160.203.118","elite","AS45899","VN","VietNam Post and Telecom Corporation","298","Vietnam Posts and Telecommunications Group","5678","socks4","4296","86","2023-07-12T06:22:35.237Z","98","2792","2850"
"202.165.46.14","elite","AS17538","ID","Circlecom","194","N/A","5678","socks4","5094","1","2023-07-12T06:22:35.148Z","99","2824","2840"
"204.57.112.5","elite","AS22403","US","Trinicom Communications","106","Level 3","80","socks5","4992","1","2023-07-12T06:22:35.233Z","100","2804","2804"
"131.108.118.27","elite","AS264353","BR","Catalão Bandnet Serviços Multimídia LTDA - ME","213","Catalão Bandnet Serviços Multimídia LTDA - ME","2022","socks4","5201","1","2023-07-12T06:22:35.235Z","99","2763","2780"
"43.153.29.34","elite","AS132203","US","Shenzhen Tencent Computer Systems Company Limited","186","Tencent Cloud Computing","443","socks5","4196","1","2023-07-12T06:22:30.041Z","64","1807","2821"
"190.113.12.75","elite","AS22860","CL","Servicios Internet Ltda","199","TECNOERA-WEBHOSTING","3389","socks5","4501","1","2023-07-12T06:22:30.040Z","100","2794","2800"
"102.64.116.100","elite","AS328500","CG","A.M.C Telecom","191","A.M.C Telecom","4145","socks4","4895","1","2023-07-12T06:22:24.536Z","98","2802","2850"
"103.213.245.105","elite","AS18254","HK","Klayer LLC","195","N/A","4003","socks5","4591","1","2023-07-12T06:22:24.736Z","89","2484","2789"
"45.8.107.115","elite","AS209242","DE","Cloudflare London","18","Araxio Development N.V","80","socks5","4900","79","2023-07-12T06:22:24.540Z","100","2765","2765"
"49.70.225.42","elite","AS4134","CN","Chinanet","228","Chinanet JS","44844","socks5","5096","2","2023-07-12T06:22:24.543Z","53","1494","2801"
"167.172.23.19","elite","AS14061","US","DigitalOcean, LLC","79","DigitalOcean, LLC","64065","socks5","2190","1","2023-07-12T06:22:24.737Z","99","2841","2857"
"84.51.0.198","elite","AS34984","TR","Superonline Iletisim Hizmetleri A.S.","83","Siba Bilisim Telekominikasyon Elektronik Ithalat Ihracat Limited","4145","socks4","4702","1","2023-07-12T06:22:24.738Z","100","2792","2797"
"188.165.231.180","elite","AS16276","FR","OVH SAS","5","OVH ISP","55654","socks4","5002","82","2023-07-12T06:22:24.734Z","100","2853","2853"
"185.105.237.157","elite","AS212248","IR","Abolfazl-Shirdel","88","Amnpardaz Soft Corporation","808","socks4","5005","1","2023-07-12T06:22:19.037Z","100","2728","2739"
"27.72.29.7","elite","AS7552","VN","Viettel Group","296","VIETTEL","5678","socks4","4995","1","2023-07-12T06:22:19.039Z","100","2753","2763"
"139.60.183.10","elite","AS14979","PR","Aeronet Wireless","122","Aeronet Wireless","4153","socks4","4991","1","2023-07-12T06:22:19.139Z","96","2731","2835"
"124.109.22.174","elite","AS38527","ID","PT. JAWA POS NATIONAL NETWORK MEDIALINK","196","N/A","5678","socks4","3500","2","2023-07-12T06:22:19.136Z","92","2627","2862"
"45.7.177.243","elite","AS266626","BR","Litoral Telecom","295","Litoral Telecom","39867","socks4","3498","3","2023-07-12T06:22:19.033Z","99","2774","2813"
"75.119.202.21","elite","AS26347","US","New Dream Network, LLC","196","New Dream Network, LLC","15745","socks5","4707","2","2023-07-12T06:22:18.937Z","100","2847","2848"
"45.70.237.145","elite","AS264668","EC","Nedetel S.A.","166","Nedetel S.A","4145","socks4","5099","1","2023-07-12T06:22:18.941Z","99","2832","2850"
"103.112.254.33","elite","AS137139","IN","Cybernet Introtech Private Limited","300","Cybernet Introtech Private Limited","5678","socks4","4309","1","2023-07-12T06:22:13.833Z","45","1284","2831"
"186.97.198.18","elite","AS27831","CO","Colombia Móvil","191","Colombia Móvil","5678","socks4","4593","1","2023-07-12T06:22:13.635Z","99","2794","2833"
"173.245.252.206","elite","AS13428","US","Surf Air Wireless, LLC","97","Surf Air Wireless, LLC","54321","socks4","4616","1","2023-07-12T06:22:13.637Z","100","2858","2864"
"50.84.210.194","elite","AS11427","US","Charter Communications Inc","193","Spectrum","39593","socks4","4690","1","2023-07-12T06:22:13.739Z","99","2730","2745"
"103.83.105.167","elite","AS134290","IN","Arrow Touch Wireless Internet Private Limited","186","Arrow Touch Wireless Internet Private Limited","4153","socks4","4499","1","2023-07-12T06:22:13.835Z","87","2437","2806"
"103.59.203.185","elite","AS134014","IN","NET 4 U SERVICES PVT LTD","187","NET 4 U Services PVT LTD","4145","socks4","4792","96","2023-07-12T06:22:13.632Z","99","2821","2838"
"181.174.130.165","elite","AS52308","AR","Aguas Del Colorado Sapem","263","Cooperativa de Obras y Servicios Publicos de Macachin Limitada","5678","socks4","4694","1","2023-07-12T06:22:13.735Z","99","2770","2804"
"194.31.64.39","elite","AS212598","TR","SFCTEK Bilisim Yazilim ve Telekomunikasyon Hiz. San. ve Tic. LTD. STI.","50","SFCTEK Bilisim Yazilim ve Telekomunikasyon Hiz. San. ve Tic. LTD. STI","6019","socks4","4501","82","2023-07-12T06:22:07.635Z","96","2746","2851"
"54.39.102.233","elite","AS16276","CA","OVH SAS","88","OVH Hosting, Inc.","8080","socks4","5099","1","2023-07-12T06:22:07.937Z","100","2750","2750"
"36.67.14.193","elite","AS7713","ID","PT. Telekomunikasi Indonesia","195","N/A","5678","socks4","3292","1","2023-07-12T06:22:07.035Z","99","2815","2830"
"14.207.206.223","elite","AS45629","TH","Triple T Broadband Public Company Limited","198","Triple T Broadband Public Company Limited","8080","socks4","5008","1","2023-07-12T06:22:06.633Z","96","2702","2802"
"1.117.233.128","elite","AS45090","CN","China Internet Network Information Center","293","Tencent cloud computing (Beijing) Co., Ltd.","10800","socks5","4899","1","2023-07-12T06:22:06.434Z","78","2162","2767"
"177.86.64.1","elite","AS262623","BR","claudio jose lara -me","204","claudio jose lara -me","3629","socks4","3806","1","2023-07-12T06:22:06.933Z","100","2725","2734"
"185.170.233.102","elite","AS206912","CY","Superdach LTD","49","Infra","47574","socks4","4803","1","2023-07-12T06:22:01.044Z","100","2855","2858"
"202.159.60.113","elite","AS9340","ID","PT IndoInternet","165","N/A","443","socks4","4706","1","2023-07-12T06:22:01.046Z","99","2788","2813"
"212.77.138.119","elite","AS33894","RU","RIKT","112","JSC Ritc","1080","socks5","4811","1","2023-07-12T06:22:01.136Z","48","1373","2844"
"103.235.198.94","elite","AS4007","NP","CCNEP","164","N/A","5678","socks4","4899","1","2023-07-12T06:22:01.138Z","27","763","2818"
"212.26.225.114","elite","AS12730","RU","provider LIR RU.INECO","86","Ryazan branch of Joint-Stock Central Telecommunication Company","80","socks4","5189","82","2023-07-12T06:22:01.133Z","92","2593","2808"
"176.103.51.24","elite","AS48031","UA","Ivanov Vitaliy Sergeevich","50","XServer","30421","socks5","4803","1","2023-07-12T06:21:53.642Z","72","2053","2852"
"119.148.45.182","elite","AS23923","BD","Agni Systems Limited","195","Agni Systems Ltd.","1088","socks4","4791","1","2023-07-12T06:21:53.648Z","98","2684","2741"
"103.51.44.41","elite","AS133819","ID","CIM","291","N/A","4145","socks4","4506","1","2023-07-12T06:21:48.438Z","99","2711","2738"
"91.240.63.215","elite","AS57474","IR","Nazhin Sepahan IT and data processing plc","187","Nazhin Sepahan IT and data processing plc","5678","socks4","4701","1","2023-07-12T06:21:48.439Z","17","478","2855"
"1.2.222.221","elite","AS23969","TH","TOT Public Company Limited","197","TOT Public Company Limited","4145","socks4","5092","1","2023-07-12T06:21:48.445Z","76","2160","2830"
"116.202.100.234","elite","AS24940","DE","Hetzner","23","N/A","37435","socks4","4996","1","2023-07-12T06:21:48.440Z","100","2846","2846"
"51.38.39.204","elite","AS16276","FR","OVH SAS","89","OVH","63028","socks5","5086","1","2023-07-12T06:21:48.537Z","100","2868","2869"
"37.233.102.111","elite","AS198717","PL","Techstorage sp. z o.o.","100","Techstorage sp. z o.o.","3128","socks4","4797","1","2023-07-12T06:21:48.446Z","100","2749","2758"
"162.12.217.9","elite","AS204902","FR","Weelax","108","XIWO","3629","socks4","5099","1","2023-07-12T06:21:43.244Z","99","2815","2854"
"45.7.177.202","elite","AS266626","BR","Litoral Telecom","284","Litoral Telecom","39867","socks4","4905","1","2023-07-12T06:21:43.248Z","99","2772","2803"
"187.44.146.2","elite","AS28186","BR","ITS TELECOMUNICACOES LTDA","186","ITS TELECOMUNICACOES LTDA","32139","socks4","4004","1","2023-07-12T06:21:43.246Z","67","1923","2849"
"31.134.99.130","elite","AS56656","SK","DetronicsRoute","36","Detronics s.r.o.","1080","socks5","3691","1","2023-07-12T06:21:43.240Z","99","2836","2856"
"103.199.97.9","elite","AS45804","IN","New Shivam Cable Network","170","N/A","39825","socks4","5318","1","2023-07-12T06:21:43.239Z","97","2778","2854"
"138.36.150.28","elite","AS263729","AR","Pedraza Luis Eduardo","259","Pedraza Luis Eduardo","1080","socks4","1762","1","2023-07-12T06:21:43.242Z","99","2788","2826"
"181.129.186.130","elite","AS13489","CO","EPM Telecomunicaciones S.A. E.S.P.","159","EPM Telecomunicaciones S.A. E.S.P","5678","socks5","5094","1","2023-07-12T06:21:43.247Z","99","2751","2786"
"89.22.17.62","elite","AS48166","RU","Fortex Cjsc","46","Fortex AS48166","43110","socks4","4904","83","2023-07-12T06:21:43.241Z","100","2845","2850"
"45.7.210.193","elite","AS265729","AR","Cooperativa de Servicios Públicos de Porteña LTDA","288","Cooperativa de Servicios Públicos de Porteña LTDA","4153","socks4","4795","1","2023-07-12T06:21:38.050Z","99","2803","2827"
"119.148.103.230","elite","AS18109","BD","Nasrin Sultana","175","N/A","4153","socks4","5096","1","2023-07-12T06:21:38.042Z","99","2804","2836"
"194.146.110.211","elite","AS29496","UA","Link-Service Ltd.","42","Link-Service Ltd.","8888","socks4","1589","82","2023-07-12T06:21:38.045Z","99","2733","2774"
"103.221.254.7","elite","AS135524","BD","Dhaka University","190","university of dhaka","8291","socks4","1100","1","2023-07-12T06:21:38.043Z","41","1168","2862"
"47.113.179.6","elite","AS37963","CN","Hangzhou Alibaba Advertising Co., Ltd.","289","Aliyun Computing Co., LTD","10705","socks4","5089","1","2023-07-12T06:21:38.047Z","60","1712","2858"
"115.79.34.201","elite","AS7552","VN","VIETELftth","279","N/A","5678","socks4","4112","1","2023-07-12T06:21:33.042Z","89","2552","2857"
"185.132.230.205","elite","AS210238","IT","Dieffeitalia.it S.r.l.","36","Dieffeitalia.it S.r.l","5678","socks4","3208","1","2023-07-12T06:21:33.148Z","95","2702","2854"
"27.145.61.163","elite","AS7470","TH","True Internet Corporation CO. Ltd.","186","Truenet BB","8080","socks4","5000","1","2023-07-12T06:21:33.041Z","53","1485","2804"
"114.69.244.66","elite","AS18002","IN","World Phone Internet Service Pvt. Ltd.","184","N/A","60616","socks4","4894","1","2023-07-12T06:21:33.039Z","99","2835","2862"
"85.214.94.105","elite","AS6724","DE","Strato AG","21","Strato AG","12126","socks4","4795","1","2023-07-12T06:21:33.044Z","100","2770","2771"
"172.87.152.122","elite","AS11427","US","Spectrum","187","Laredo Executive INN","39593","socks4","3604","1","2023-07-12T06:21:33.136Z","99","2817","2842"
"61.74.18.133","elite","AS4766","KR","Korea Telecom","295","Kornet","1080","socks4","4905","1","2023-07-12T06:21:33.045Z","72","2057","2846"
"5.8.64.55","elite","AS44812","RU","IP SERVER LLC","53","Worldbyte","8080","socks5","5097","48","2023-07-12T06:21:33.133Z","96","2636","2750"
"91.235.124.17","elite","AS198493","PL","Enternet Pawel Miazga","30","Enternet Pawel Miazga","10801","socks4","4806","1","2023-07-12T06:21:33.046Z","100","2729","2729"
"66.33.213.3","elite","AS26347","US","New Dream Network, LLC","81","New Dream Network, LLC","15891","socks5","4694","1","2023-07-12T06:21:26.148Z","100","2839","2845"
"104.20.75.31","elite","AS13335","US","Cloudflare, Inc.","2","Cloudflare, Inc.","80","socks4","5302","1","2023-07-12T06:21:26.149Z","100","2858","2858"
"47.242.190.33","elite","AS45102","HK","Alibaba.com LLC","295","Hong Kong","1080","socks4","4793","3","2023-07-12T06:21:26.144Z","99","2754","2772"
"8.210.54.50","elite","AS45102","HK","Alibaba.com LLC","292","Hong Kong","10081","socks5","4700","1","2023-07-12T06:21:21.048Z","99","2771","2788"
"178.253.197.186","elite","AS9125","RS","Orion Telekom ISP IP Network","81","Orion Telekom Tim d.o.o.Beograd","4153","socks4","5004","1","2023-07-12T06:21:21.146Z","100","2862","2863"
"213.6.67.86","elite","AS12975","PS","Palestine Telecommunications Company","60","Palestine Telecommunications Company","54260","socks4","4701","1","2023-07-12T06:21:21.145Z","100","2769","2781"
"103.47.93.201","elite","AS134058","IN","Broban Internet Services Pvt.ltd","194","Broban  PVT Ltd.","1080","socks4","3603","1","2023-07-12T06:21:21.050Z","99","2833","2854"
"51.222.29.254","elite","AS16276","CA","OVH SAS","88","OVH Hosting, Inc.","47103","socks4","2003","1","2023-07-12T06:21:21.143Z","100","2773","2774"
"70.185.95.162","elite","AS22773","US","Cox Communications Inc.","124","Cox Communications Inc.","39593","socks4","3693","1","2023-07-12T06:21:21.045Z","99","2827","2860"
"103.66.233.137","elite","AS134014","IN","NET 4 U SERVICES","190","N/A","4145","socks4","5012","1","2023-07-12T06:21:21.049Z","100","2830","2842"
"45.7.177.211","elite","AS266626","BR","Litoral Telecom","293","Litoral Telecom","39867","socks4","4605","1","2023-07-12T06:21:16.045Z","99","2724","2750"
"128.199.214.87","elite","AS14061","SG","DigitalOcean, LLC","172","DigitalOcean, LLC","3128","socks5","4902","1","2023-07-12T06:21:16.043Z","21","581","2761"
"103.84.178.193","elite","AS136279","IN","Glo Internet Services Pvt Ltd","196","Glo  Pvt Ltd","4153","socks4","4811","82","2023-07-12T06:21:16.145Z","100","2786","2798"
"203.76.103.57","elite","AS23688","BD","Link3 Technologies Limited","188","Corporate Subscriber","4145","socks4","5289","1","2023-07-12T06:21:16.050Z","96","2746","2848"
"138.201.92.34","elite","AS24940","DE","Hetzner Online GmbH","86","Hetzner","1080","socks5","4503","1","2023-07-12T06:21:16.135Z","98","2684","2740"
"89.237.32.33","elite","AS20485","RU","multi-origin SUTTK","72","N/A","51549","socks4","5106","2","2023-07-12T06:21:16.132Z","99","2795","2812"
"178.245.146.161","elite","AS16135","TR","Turkcell Internet","94","N/A","3128","socks5","4802","1","2023-07-12T06:21:16.134Z","18","490","2763"
"51.77.116.174","elite","AS16276","GB","OVH SAS","9","OVH Ltd","28046","socks5","4902","78","2023-07-12T06:21:16.146Z","100","2796","2797"
"134.119.190.185","elite","AS29066","FR","Host Europe GmbH","11","Bogdan Gribov","14446","socks4","5007","1","2023-07-12T06:21:16.049Z","100","2788","2790"
"38.113.171.1","elite","AS174","CA","Cogent Communications","100","eTor Networks","31596","socks4","4789","1","2023-07-12T06:21:10.943Z","100","2852","2854"
"178.249.218.34","elite","AS44219","IT","ICCOM s.r.l.","455","N/A","5678","socks4","4901","1","2023-07-12T06:21:10.844Z","96","2676","2791"
"202.43.112.34","elite","AS45325","ID","PC24NET","192","N/A","4145","socks4","4713","1","2023-07-12T06:21:10.842Z","97","2751","2844"
"66.97.44.122","elite","AS27823","AR","Dattatec.com","226","Dattatec Corp","8080","socks4","4696","1","2023-07-12T06:21:10.848Z","96","2720","2832"
"36.89.11.81","elite","AS7713","ID","PT. Telekomunikasi Indonesia","387","Telekomunikasi Indonesia","5678","socks4","4204","1","2023-07-12T06:21:10.849Z","86","2454","2851"
"80.80.152.123","elite","AS12829","BG","Angel Soft OOD","48","N/A","5678","socks4","4414","1","2023-07-12T06:21:05.635Z","99","2841","2860"
"93.171.224.41","elite","AS211570","UA","PE TV and Radio Company Kentavr-TV","48","PE TV and Radio Company Kentavr-TV","4153","socks4","5088","1","2023-07-12T06:21:05.650Z","99","2841","2866"
"92.72.191.67","elite","AS3209","DE","ARCOR-IP","19","Arcor AG","8081","socks4","4904","1","2023-07-12T06:21:05.637Z","95","2698","2842"
"36.66.173.145","elite","AS7713","ID","PT. Telekomunikasi Indonesia","191","N/A","45685","socks4","4498","1","2023-07-12T06:21:05.639Z","97","2752","2844"
"45.7.210.199","elite","AS265729","AR","Cooperativa de Servicios Públicos de Porteña LTDA","285","Cooperativa de Servicios Públicos de Porteña LTDA","4153","socks4","5003","1","2023-07-12T06:21:05.636Z","99","2795","2818"
"163.53.205.225","elite","AS58898","IN","Rainbow communications India Pvt Ltd","186","Rainbow communications India Pvt Ltd","4153","socks4","4890","1","2023-07-12T06:21:00.538Z","100","2848","2857"
"186.211.6.137","elite","AS53156","BR","PortalSAT Telecom","295","eliziane oliveira sobrinho","4145","socks4","4398","1","2023-07-12T06:21:00.435Z","98","2812","2861"
"190.232.196.205","elite","AS6147","PE","Telefonica Del Peru","188","PE-TDPERX7-LACNIC","5678","socks4","4896","1","2023-07-12T06:21:00.341Z","92","2554","2787"
"181.114.232.57","elite","AS265714","CL","TV CABLE DEL SUR LTDA","236","TV CABLE DEL SUR EIRL","31337","socks4","4717","1","2023-07-12T06:21:00.345Z","99","2808","2846"
"203.23.103.127","elite","AS209242","US","Cloudflare London","84","Umpire Associates LTD","80","socks4","4504","1","2023-07-12T06:21:00.344Z","100","2813","2813"
"36.90.105.11","elite","AS7713","ID","PT. Telekomunikasi Indonesia","201","Telekomunikasi Indonesia","3128","socks4","5100","1","2023-07-12T06:21:00.347Z","98","2793","2840"
"200.93.64.216","elite","AS8048","VE","CANTV Servicios, Venezuela","205","CANTV Servicios, Venezuela","8080","socks4","4608","82","2023-07-12T06:20:55.237Z","25","704","2809"
"185.84.64.101","elite","AS40975","RO","CHML Web Services SRL","45","CHML Web Services SRL","45692","socks4","4318","1","2023-07-12T06:20:55.251Z","100","2831","2840"
"101.71.154.251","elite","AS4837","CN","China Unicom Zhejiang Province Network","292","N/A","1080","socks5","4801","1","2023-07-12T06:20:55.150Z","80","2247","2815"
"222.124.130.195","elite","AS7713","ID","Telekomunikasi Indonesia","205","PT. TELKOM INDONESIA","4145","socks4","4097","1","2023-07-12T06:20:49.944Z","84","2349","2799"
"43.128.62.125","elite","AS132203","HK","Aceville Pte.ltd","241","N/A","23642","socks5","5009","1","2023-07-12T06:20:49.843Z","94","2669","2840"
"150.230.62.147","elite","AS31898","JP","Oracle Corporation","236","Oracle Cloud Infrastructure (ap-osaka-1)","2080","socks5","5189","1","2023-07-12T06:20:49.845Z","63","1790","2848"
"203.76.124.138","elite","AS23688","BD","Link3 Technologies Limited","206","Corporate Subscriber","5678","socks4","5102","1","2023-07-12T06:20:49.849Z","31","886","2834"
"5.161.100.145","elite","AS213230","US","Hetzner Online GmbH","82","HETZNER-DC","1080","socks5","5004","1","2023-07-12T06:20:49.941Z","82","2265","2758"
"62.94.218.90","elite","AS15589","IT","Clouditalia S.p.A.","35","N/A","15589","socks4","2112","1","2023-07-12T06:20:44.733Z","98","2684","2727"
"185.204.197.25","elite","AS60631","IR","Pars Parva System LLC","95","Pars Parva System LLC","8080","socks4","5104","1","2023-07-12T06:20:44.536Z","97","2686","2757"
"45.251.231.113","elite","AS59362","BD","KS Network","200","Nazmul Karim Bhuiyan","5678","socks4","4812","1","2023-07-12T06:20:44.540Z","99","2822","2849"
"104.17.62.87","elite","AS13335","US","Cloudflare, Inc.","2","Cloudflare, Inc.","80","socks5","4487","1","2023-07-12T06:20:44.538Z","100","2768","2768"
"50.96.204.251","elite","AS7029","US","Windstream Communications LLC","191","Windstream Communications LLC","18351","socks4","4507","1","2023-07-12T06:20:44.537Z","100","2809","2817"
"103.111.56.18","elite","AS9341","ID","PT Indonesia Comnets Plus","189","N/A","4145","socks4","4898","80","2023-07-12T06:20:44.533Z","92","2548","2761"
"123.57.246.163","elite","AS37963","CN","Hangzhou Alibaba Advertising Co","193","Aliyun Computing Co., LTD","8118","socks4","2803","1","2023-07-12T06:20:44.539Z","74","2066","2810"
"36.255.211.1","elite","AS133269","IN","Fiberpipe communications pvt. ltd","138","Fiberpipe communications pvt. ltd.","55438","socks4","5002","1","2023-07-12T06:20:39.035Z","99","2817","2852"
"186.251.255.45","elite","AS267513","BR","Seanet Telecom Carazinho Eireli","205","Seanet Telecom Carazinho Eireli","31337","socks4","1985","1","2023-07-12T06:20:39.034Z","99","2825","2846"
"185.200.38.236","elite","AS202561","TR","High Speed Telekomunikasyon ve Hab. Hiz. Ltd. Sti.","97","High Speed Telekomunikasyon ve Hab. Hiz. Ltd. Sti","10820","socks5","517","1","2023-07-12T06:20:39.137Z","88","2523","2860"
"103.240.33.25","elite","AS132923","IN","Vihaan Telecommunication Pvt. Ltd.","191","Vihaan","8291","socks4","5119","1","2023-07-12T06:20:39.036Z","98","2804","2847"
"89.237.35.145","elite","AS20485","RU","multi-origin SUTTK","86","N/A","51549","socks4","5011","1","2023-07-12T06:20:39.041Z","99","2823","2839"
"38.127.179.34","elite","AS174","US","Cogent Communications","89","Torlandia Trading SRL","11537","socks5","4595","1","2023-07-12T06:20:39.136Z","100","2798","2801"
"45.79.0.108","elite","AS63949","US","Akamai Technologies, Inc.","190","Linode","1080","socks5","3207","1","2023-07-12T06:20:39.038Z","93","2556","2734"
"165.84.180.22","elite","AS10103","HK","Hong Kong Broadband Network Ltd","293","Hong Kong Broadband Network Ltd","56695","socks4","3896","1","2023-07-12T06:20:33.642Z","99","2785","2811"
"161.97.97.231","elite","AS51167","DE","Contabo GmbH","19","Contabo GmbH","10050","socks4","4898","1","2023-07-12T06:20:33.644Z","98","2794","2861"
"103.66.233.225","elite","AS134014","IN","NET 4 U SERVICES","123","N/A","4145","socks4","5004","1","2023-07-12T06:20:33.451Z","99","2829","2847"
"212.79.107.116","elite","AS8251","CZ","Neutral czFree eXchange members","27","Heaven - CZFree.Net, spol. s r.o.","5678","socks4","2894","1","2023-07-12T06:20:33.540Z","99","2765","2803"
"132.148.6.255","elite","AS398101","US","GoDaddy.com, LLC","196","GoDaddy.com, LLC","20859","socks5","4795","1","2023-07-12T06:20:33.539Z","98","2789","2839"
"79.132.222.173","elite","AS24631","IR","Tose'h Fanavari Ertebabat Pasargad Arian Co. PJS","191","Fanaptelecom Network","5678","socks4","4694","1","2023-07-12T06:20:33.450Z","73","2096","2861"
"212.50.19.150","elite","AS8717","BG","Spectrum NET","36","N/A","4153","socks4","4800","82","2023-07-12T06:20:33.445Z","75","2154","2862"
"178.76.254.130","elite","AS15774","RU","Electro-com Rostov","98","ZAO \"Electro-Com Don\"","4145","socks4","3807","1","2023-07-12T06:20:33.537Z","100","2843","2857"
"176.102.70.102","elite","AS41929","RU","Sistemy Svyazi Llc","63","Sistemy Svyazi Llc","1080","socks5","4196","1","2023-07-12T06:20:28.240Z","99","2839","2858"
"140.250.146.239","elite","AS4134","CN","Chinanet","233","Chinanet SD","1080","socks5","4707","1","2023-07-12T06:20:28.248Z","72","2050","2837"
"197.234.13.14","elite","AS36902","SC","Intelvision","190","Intelvision Ltd","4145","socks4","4702","1","2023-07-12T06:20:28.242Z","100","2822","2833"
"131.100.40.84","elite","AS61754","BR","I3 Telecomunicacoes - EIRELI","207","I3 Telecomunicacoes - EIRELI","5678","socks4","4994","1","2023-07-12T06:20:28.247Z","92","2590","2820"
"161.35.188.95","elite","AS14061","US","DigitalOcean, LLC","85","DigitalOcean, LLC","3128","socks4","3904","1","2023-07-12T06:20:28.249Z","100","2822","2829"
"89.162.185.34","elite","AS15895","UA","SOL Network","41","N/A","1080","socks5","4301","1","2023-07-12T06:20:28.243Z","99","2849","2866"
"103.85.103.9","elite","AS135788","IN","Vedant Broadband","199","N/A","5678","socks4","1798","1","2023-07-12T06:20:23.542Z","99","2830","2849"
"47.101.168.190","elite","AS37963","CN","Addresses CNNIC","295","Aliyun Computing Co., LTD","11090","socks5","3714","1","2023-07-12T06:20:23.541Z","74","2068","2798"
"91.187.55.39","elite","AS34093","CZ","Nordic Telecom Regional s.r.o.","33","Kuznik","5678","socks4","4594","1","2023-07-12T06:20:23.532Z","99","2790","2812"
"103.53.63.94","elite","AS24554","IN","Fivenetwork Solution India Pvt Ltd Internet","193","Hi5 Broadband Pvt Ltd","5678","socks4","4607","1","2023-07-12T06:20:23.538Z","99","2776","2803"
"137.184.142.37","elite","AS14061","US","DigitalOcean, LLC","98","DigitalOcean, LLC","443","socks4","1885","2","2023-07-12T06:20:23.539Z","96","2665","2788"
"51.77.73.78","elite","AS16276","DE","OVH SAS","11","Sastre Vazquez Antonio","31979","socks4","4501","1","2023-07-12T06:20:23.636Z","100","2803","2808"
"8.210.69.108","elite","AS45102","HK","Alibaba.com LLC","294","Hong Kong","443","socks5","4599","1","2023-07-12T06:20:23.536Z","99","2785","2809"
"117.102.78.163","elite","AS17451","ID","BIZNET","215","N/A","1080","socks4","5191","1","2023-07-12T06:20:23.449Z","97","2735","2818"
"171.97.107.187","elite","AS17552","TH","True Internet Corporation CO. Ltd.","199","Truenet Hisp","4145","socks4","5191","1","2023-07-12T06:20:18.345Z","53","1469","2798"
"103.51.46.2","elite","AS133819","ID","CIM","291","N/A","4145","socks4","4904","1","2023-07-12T06:20:18.348Z","99","2803","2824"
"201.20.79.18","elite","AS28598","BR","MOB SERVICOS DE TELECOMUNICACOES S.A","196","Betânia Lácteos S/A","5678","socks5","4905","1","2023-07-12T06:20:18.349Z","100","2786","2788"
"105.234.156.108","elite","AS37440","MW","Airtel Malawi","236","N/A","4145","socks4","4085","1","2023-07-12T06:20:18.435Z","94","2560","2727"
"51.222.84.118","elite","AS16276","CA","OVH SAS","87","OVH Hosting, Inc.","21777","socks4","3596","1","2023-07-12T06:20:18.447Z","100","2775","2776"
"216.105.130.33","elite","AS20081","US","NET2ATLANTA.COM LLC","104","NET2ATLANTA.COM LLC","39593","socks4","4996","1","2023-07-12T06:20:18.434Z","100","2843","2852"
"208.91.197.18","elite","AS40034","VG","Confluence Networks Inc","75","Confluence Networks Inc","80","socks5","4608","1","2023-07-12T06:20:13.040Z","100","2733","2743"
"139.162.151.176","elite","AS63949","DE","Akamai Technologies, Inc.","11","Linode, LLC","9050","socks5","4398","1","2023-07-12T06:20:13.033Z","100","2837","2837"
"69.163.252.140","elite","AS26347","US","New Dream Network, LLC","198","New Dream Network, LLC","10754","socks4","4600","1","2023-07-12T06:20:13.039Z","100","2830","2831"
"103.95.197.233","elite","AS135918","VN","Viet Digital Technology Liability Company","298","DVS","9050","socks5","4996","1","2023-07-12T06:20:13.035Z","97","2682","2775"
"157.230.8.196","elite","AS14061","US","DigitalOcean, LLC","85","Digital Ocean","7497","socks5","4892","1","2023-07-12T06:20:13.135Z","96","2707","2815"
"94.142.142.140","elite","AS209641","RU","I-servers LTD","48","I-servers LTD","3128","socks4","5099","1","2023-07-12T06:20:13.050Z","100","2806","2811"
"180.183.39.207","elite","AS45629","TH","Triple T Broadband Public Company Limited","203","Triple T Broadband Public Company Limited","4153","socks4","4907","1","2023-07-12T06:20:12.950Z","97","2667","2755"
"36.37.104.99","elite","AS4800","ID","LINTASARTA","231","N/A","34040","socks4","4404","1","2023-07-12T06:20:07.850Z","99","2738","2761"
"198.199.109.36","elite","AS14061","US","DigitalOcean, LLC","196","DigitalOcean, LLC","31049","socks5","3402","1","2023-07-12T06:20:07.946Z","100","2754","2755"
"202.124.46.97","elite","AS9902","KH","NeocomISP Limited","171","NeocomISP Limited","4145","socks4","4992","1","2023-07-12T06:20:07.845Z","100","2840","2852"
"94.232.125.200","elite","AS197225","LT","UAB \"Airnet\"","45","UAB \"Airnet\"","5678","socks4","813","81","2023-07-12T06:20:07.848Z","100","2793","2799"
"38.127.173.36","elite","AS174","US","Cogent Communications","81","Torlandia Trading SRL","46656","socks4","5684","1","2023-07-12T06:20:07.945Z","100","2778","2780"
"168.227.158.61","elite","AS52898","BR","Multipla ServiÔos Inteligentes","278","Multipla Serviços Inteligentes","4145","socks4","4904","1","2023-07-12T06:20:07.844Z","99","2831","2849"
"168.205.218.122","elite","AS264869","BR","SPEED MAX TELECOMUNICAÔÔES LTDA ME","247","SPEED MAX TELECOMUNICAÇÕES LTDA ME","4145","socks4","4911","1","2023-07-12T06:20:07.850Z","83","2262","2731"
"103.51.46.251","elite","AS133819","ID","CIM","220","N/A","4145","socks4","5100","1","2023-07-12T06:20:07.842Z","98","2762","2831"
"193.106.57.7","elite","AS42510","UA","Magic Line","43","PE \"Magic-line\"","33429","socks5","4601","1","2023-07-12T06:20:00.738Z","94","2682","2859"
"103.234.137.97","elite","AS133317","IN","srinagar Net tech P ltd","183","Srinagar Net tech P ltd","5678","socks4","4988","1","2023-07-12T06:20:00.548Z","99","2837","2855"
"198.8.94.174","elite","AS46562","CA","Performive LLC","136","Total Server Solutions L.L.C","39078","socks5","4095","1","2023-07-12T06:20:00.542Z","98","2689","2734"
"203.24.109.130","elite","AS209242","US","Cloudflare London","15","Umpire Associates LTD","80","socks5","4992","1","2023-07-12T06:20:00.543Z","100","2799","2799"
"31.204.28.96","elite","AS209372","US","SIA \"Singularity Telecom\"","92","Popov Andry Vasilievich","5432","socks5","4903","1","2023-07-12T06:20:00.549Z","100","2793","2799"
"150.158.135.201","elite","AS45090","CN","Shenzhen Tencent Computer Systems Company Limited","192","Tencent Cloud Computing (Beijing) Co., Ltd","24289","socks5","4811","1","2023-07-12T06:20:00.550Z","61","1728","2821"
"185.140.232.98","elite","AS43395","IR","Pooya Parto Qeshm Cooperative Company","200","Ayandeh","4145","socks4","5010","1","2023-07-12T06:19:55.147Z","91","2582","2829"
"103.89.62.81","elite","AS58972","IN","Bhomika Network PVT LTD","188","Bhomika Network Pvt Ltd","4153","socks4","5093","1","2023-07-12T06:19:55.235Z","99","2830","2853"
"172.67.105.234","elite","AS13335","US","Cloudflare, Inc.","82","Cloudflare, Inc.","80","socks5","3703","1","2023-07-12T06:19:55.149Z","100","2848","2848"
"136.143.144.187","elite","AS13370","US","LocalTel Communications","195","LocalTel Communications","5678","socks4","4884","1","2023-07-12T06:19:55.237Z","99","2730","2744"
"103.47.93.234","elite","AS134058","IN","Broban Internet Services Pvt.ltd","186","Broban  PVT Ltd.","1080","socks4","4915","82","2023-07-12T06:19:55.151Z","99","2793","2816"
"14.248.94.123","elite","AS45899","VN","VNPT","290","Vietnam Posts and Telecommunications Group","5678","socks4","4502","1","2023-07-12T06:19:55.240Z","91","2535","2800"
"185.6.10.191","elite","AS12552","SE","GlobalConnect AB","32","Internet Vikings International AB","19427","socks4","4389","1","2023-07-12T06:19:55.336Z","100","2806","2807"
"36.37.71.83","elite","AS4800","ID","LINTASARTA","220","N/A","5430","socks4","5107","1","2023-07-12T06:19:50.036Z","96","2735","2845"
"144.48.178.62","elite","AS134254","IN","Shah Infinite Solutions Pvt. Ltd.","124","Rute","83","socks4","995","1","2023-07-12T06:19:49.951Z","99","2840","2855"
"193.169.4.184","elite","AS49261","RU","Lekstar Communication Ltd","49","SVS-Telecom Ltd","10801","socks5","4692","1","2023-07-12T06:19:49.950Z","99","2820","2860"
"112.194.89.99","elite","AS4837","CN","China Unicom CHINA169 Sichuan Province Network","288","N/A","44313","socks5","4810","1","2023-07-12T06:19:49.947Z","58","1641","2819"
"185.162.228.154","elite","AS209242","GB","Cloudflare London, LLC","14","Softconstruct Limited","80","socks5","4901","2","2023-07-12T06:19:44.839Z","100","2810","2811"
"159.223.173.237","elite","AS14061","US","DigitalOcean, LLC","85","DigitalOcean, LLC","12057","socks5","4607","1","2023-07-12T06:19:44.837Z","81","2246","2772"
"68.183.25.78","elite","AS14061","US","DigitalOcean, LLC","83","DigitalOcean, LLC","23017","socks5","4304","1","2023-07-12T06:19:44.838Z","100","2747","2753"
"185.233.202.110","elite","AS200740","NL","First Server Limited","10","Firstbyte Hosting","8088","socks4","4695","1","2023-07-12T06:19:44.836Z","99","2764","2797"
"188.165.209.167","elite","AS16276","FR","OVH SAS","5","OVH ISP","7497","socks5","4799","1","2023-07-12T06:19:39.143Z","100","2795","2803"
"104.16.213.202","elite","AS13335","US","Cloudflare, Inc.","1","Cloudflare, Inc.","80","socks4","3687","1","2023-07-12T06:19:39.133Z","100","2755","2755"
"89.186.1.169","elite","AS39716","PL","Artur Sienkiewicz","34","VIP","5678","socks4","4794","1","2023-07-12T06:19:39.144Z","96","2685","2791"
"142.93.6.218","elite","AS14061","US","DigitalOcean, LLC","98","Digital Ocean","80","socks4","5096","1","2023-07-12T06:19:33.639Z","100","2822","2834"
"185.173.106.113","elite","AS59441","IR","Hostiran Network","94","N/A","8080","socks5","5094","1","2023-07-12T06:19:33.838Z","88","2427","2744"
"202.4.107.69","elite","AS23956","BD","dhakaCom Limited","177","DhakaCom Limited","5678","socks4","4001","1","2023-07-12T06:19:33.735Z","98","2796","2858"
"149.20.253.103","elite","AS18615","US","Mainstream Fiber Networks, LLC","101","Mainstream Fiber Networks, LLC","12551","socks4","4999","1","2023-07-12T06:19:33.935Z","100","2826","2828"
"188.112.39.231","elite","AS42739","PL","Hawe Telekom S.A. in Restructuring","34","Hawe","5678","socks4","4903","86","2023-07-12T06:19:33.936Z","99","2774","2809"
"62.109.31.192","elite","AS29182","RU","Cjsc the First","47","TheFirst","20000","socks5","35","1","2023-07-12T06:19:33.734Z","100","40","40"
"168.227.158.29","elite","AS52898","BR","Multipla ServiÔos Inteligentes","204","Multipla Serviços Inteligentes","4145","socks4","5199","1","2023-07-12T06:19:33.737Z","95","2715","2851"
"51.255.219.244","elite","AS16276","FR","OVH SAS","6","berdin stephane","7497","socks5","4897","1","2023-07-12T06:19:28.642Z","100","2823","2823"
"188.255.245.177","elite","AS52116","RS","Orion Telekom ISP IP Network in Subotica","94","Orion Telekom Tim d.o.o.Beograd","1080","socks4","5089","1","2023-07-12T06:19:28.540Z","100","2867","2868"
"123.145.4.15","elite","AS4837","CN","CNC Group CHINA169 Chongqing Province Network","284","N/A","53309","socks5","3896","1","2023-07-12T06:19:28.542Z","50","1405","2836"
"122.129.107.54","elite","AS38896","ID","Cergis","195","N/A","5678","socks5","3794","1","2023-07-12T06:19:28.544Z","99","2787","2815"
"94.228.253.51","elite","AS15672","RU","TZ-Telecom Address","98","JSC TZ-Telecom","4145","socks4","5004","1","2023-07-12T06:19:28.546Z","100","2731","2732"
"2.135.223.134","elite","AS9198","KZ","JSC Kazakhtelecom","106","Legion","5678","socks4","2297","1","2023-07-12T06:19:23.548Z","94","2632","2794"
"185.32.44.157","elite","AS200154","AZ","Izone LLC","85","Izone LLC","4153","socks4","5005","1","2023-07-12T06:19:23.547Z","100","2822","2829"
"202.165.47.49","elite","AS17538","ID","Circlecom","181","N/A","5678","socks4","4393","1","2023-07-12T06:19:23.550Z","99","2770","2790"
"202.124.43.250","elite","AS9902","KH","NeocomISP Limited","171","NeocomISP Limited","4145","socks4","2709","1","2023-07-12T06:19:23.634Z","100","2844","2853"
"183.89.41.115","elite","AS45629","TH","Triple T Broadband Public Company Limited","199","Triple T Broadband Public Company Limited","5678","socks4","5096","1","2023-07-12T06:19:23.549Z","99","2789","2811"
"173.236.182.83","elite","AS26347","US","New Dream Network, LLC","93","New Dream Network, LLC","12873","socks5","4994","1","2023-07-12T06:19:23.636Z","100","2848","2852"
"62.171.135.216","elite","AS51167","DE","Contabo GmbH","19","Contabo GmbH","50037","socks5","4409","1","2023-07-12T06:19:23.637Z","100","2731","2738"
"118.67.170.121","elite","AS4766","KR","Netropy CO.","232","NURILINK","4153","socks4","4309","1","2023-07-12T06:19:18.746Z","99","2847","2865"
"110.34.166.181","elite","AS45652","SG","Krypt Technologies","245","Vpls Sin1","4153","socks4","3203","83","2023-07-12T06:19:18.738Z","99","2826","2842"
"79.79.18.76","elite","AS9105","GB","TalkTalk","96","TalkTalk Communications Limited","5678","socks4","4710","1","2023-07-12T06:19:18.747Z","100","2773","2781"
"103.85.67.114","elite","AS131111","ID","MORATELINDO","194","Moratelindo","4145","socks4","98","1","2023-07-12T06:19:18.740Z","99","2703","2741"
"183.89.148.233","elite","AS45629","TH","Triple T Broadband Public Company Limited","158","Triple T Broadband Public Company Limited","8080","socks4","124","1","2023-07-12T06:19:18.741Z","88","2417","2749"
"80.191.169.69","elite","AS58224","IR","Information Technology Company","118","Azad University of Anar","4145","socks4","4703","1","2023-07-12T06:19:13.539Z","90","2582","2861"
"178.252.197.64","elite","AS24689","RU","JSC Rosintel","90","JSC \"Rosintel\"","4153","socks4","5006","78","2023-07-12T06:19:13.535Z","99","2832","2866"
"185.6.104.150","elite","AS42560","BA","Telemach d.o.o. Sarajevo","34","Telemach","5678","socks4","4399","1","2023-07-12T06:19:13.746Z","98","2783","2851"
"110.34.166.187","elite","AS45652","SG","Krypt Technologies","294","Vpls Sin1","4153","socks4","4792","1","2023-07-12T06:19:13.537Z","99","2778","2803"
"197.234.13.94","elite","AS36902","SC","Intelvision","189","Intelvision Ltd","4145","socks4","5094","1","2023-07-12T06:19:13.450Z","99","2731","2745"
"165.22.223.82","elite","AS14061","IN","DigitalOcean, LLC","190","DigitalOcean, LLC","51211","socks4","5094","1","2023-07-12T06:19:08.334Z","100","2767","2767"
"172.85.108.70","elite","AS11325","US","Host Wagon LLC","81","N/A","23213","socks5","4500","1","2023-07-12T06:19:08.338Z","100","2772","2775"
"178.128.173.12","elite","AS14061","GB","DigitalOcean, LLC","90","Digitalocean","9014","socks5","4808","3","2023-07-12T06:19:08.432Z","100","2811","2822"
"200.70.19.82","elite","AS10834","AR","Telefonica de Argentina","236","Telefonica de Argentina","4153","socks4","4705","1","2023-07-12T06:19:08.243Z","99","2786","2828"
"88.135.40.26","elite","AS57391","IR","Laser Company Ltd","108","Laser Company Ltd","4153","socks4","4896","1","2023-07-12T06:19:03.142Z","51","1421","2796"
"177.184.67.85","elite","AS52898","BR","Multipla ServiÔos Inteligentes","202","Multipla Serviços Inteligentes","4145","socks4","4809","1","2023-07-12T06:19:03.141Z","99","2762","2793"
"179.107.51.78","elite","AS263284","BR","Topmega Internet e Inform?tica LTDA -ME","295","Topmega Internet e Informática LTDA -ME","4153","socks4","5089","2","2023-07-12T06:19:03.138Z","86","2414","2791"
"103.232.66.137","elite","AS137311","ID","PT. KINEZ CREATIVE SOLUTIONS","167","PT. Kinez Creative Solutions","4145","socks4","5098","2","2023-07-12T06:19:03.139Z","99","2744","2783"
"93.87.73.194","elite","AS8400","RS","Telekom Srbija","39","N/A","8080","socks4","1195","78","2023-07-12T06:19:03.154Z","100","2846","2847"
"37.221.67.62","elite","AS200019","MD","Alexhost SRL","46","Alexhost SRL","5555","socks4","4267","1","2023-07-12T06:18:56.138Z","88","2506","2855"
"173.212.206.86","elite","AS51167","DE","Contabo GmbH","20","Contabo GmbH","55405","socks5","4888","82","2023-07-12T06:18:56.135Z","100","2722","2727"
"194.31.33.50","elite","AS12741","PL","Netia SA","37","SOFTDESK POLSKA Sp. z o.o","1080","socks4","4912","1","2023-07-12T06:18:56.033Z","96","2742","2850"
"190.0.22.36","elite","AS13489","CO","EPM Telecomunicaciones S.A. E.S.P.","188","EPM Telecomunicaciones S.A. E.S.P","61155","socks5","1899","1","2023-07-12T06:18:55.847Z","99","2818","2853"
"197.155.115.46","elite","AS37356","ZA","Huge Networks (Pty) Ltd","165","Dsldial2","5678","socks4","5001","1","2023-07-12T06:18:55.949Z","87","2426","2792"
"202.124.33.165","elite","AS9902","KH","NeocomISP Limited","195","NeocomISP Limited","5678","socks4","5014","1","2023-07-12T06:18:55.848Z","99","2727","2762"
"89.216.120.176","elite","AS31042","RS","Serbia Broadband","37","N/A","4153","socks4","213","1","2023-07-12T06:18:50.749Z","100","2858","2863"
"49.48.147.64","elite","AS45629","TH","Triple T Broadband Public Company Limited","194","Triple T Broadband Public Company Limited","8080","socks4","403","1","2023-07-12T06:18:50.835Z","99","2772","2800"
"89.237.34.193","elite","AS20485","RU","multi-origin SUTTK","69","N/A","51549","socks4","4705","1","2023-07-12T06:18:50.745Z","99","2820","2836"
"159.192.142.24","elite","AS131090","TH","CAT-BB","188","N/A","5678","socks4","2002","1","2023-07-12T06:18:50.746Z","100","2820","2823"
"103.10.210.17","elite","AS45804","IN","Meghbela Broadband","179","Meghbela Cable & Broadband Services (P) Ltd","44550","socks4","4699","1","2023-07-12T06:18:50.836Z","99","2815","2853"
"38.127.172.28","elite","AS174","US","Cogent Communications","81","Torlandia Trading SRL","11537","socks4","4712","1","2023-07-12T06:18:50.846Z","100","2801","2803"
"222.129.33.169","elite","AS4808","CN","China Unicom Beijing Province Network","299","N/A","57114","socks4","4681","1","2023-07-12T06:18:50.833Z","76","2161","2852"
"62.179.9.19","elite","AS6830","PL","UPC Poland","35","N/A","5678","socks5","4902","1","2023-07-12T06:18:50.845Z","100","2799","2805"
"203.28.8.0","elite","AS209242","CY","Cloudflare London, LLC","11","Lachtaristo Holdings Limited","80","socks4","1829","1","2023-07-12T06:18:45.535Z","100","2861","2861"
"222.186.50.204","elite","AS4134","CN","Chinanet","194","Chinanet JS","1080","socks5","4600","1","2023-07-12T06:18:45.541Z","78","2201","2814"
"217.197.252.154","elite","AS34139","RU","CJSC TSI Service","78","Cjsc Tsinet","4145","socks4","4891","1","2023-07-12T06:18:45.451Z","100","2824","2837"
"103.132.0.161","elite","AS138276","IN","Typhoon Communication Pvt. Ltd","123","Typhoon Communication Pvt Ltd","5678","socks4","3817","1","2023-07-12T06:18:40.244Z","72","2067","2854"
"103.240.33.177","elite","AS132923","IN","Vihaan Telecommunication Pvt. Ltd.","125","Vihaan","8291","socks4","4704","82","2023-07-12T06:18:40.238Z","99","2826","2854"
"47.242.155.132","elite","AS45102","HK","Alibaba.com LLC","293","Hong Kong","10900","socks4","4892","1","2023-07-12T06:18:40.247Z","100","2778","2784"
"212.174.44.22","elite","AS9121","TR","Turk Telekomunikasyon Anonim Sirketi","76","Sonet Internet Erisim Hizmetleri","1080","socks4","4807","1","2023-07-12T06:18:40.341Z","29","837","2864"
"62.82.107.247","elite","AS6739","ES","Ono","29","Calle Las Almas 8 Vinaroz Castellon -- Castellon","5678","socks4","2595","1","2023-07-12T06:18:35.045Z","100","2826","2839"
"109.73.181.133","elite","AS49924","IT","ECROM-MAIN","67","N/A","4145","socks4","4984","1","2023-07-12T06:18:35.044Z","72","2043","2841"
"104.17.9.114","elite","AS13335","US","Cloudflare, Inc.","2","Cloudflare, Inc.","80","socks4","4604","1","2023-07-12T06:18:34.951Z","100","2837","2837"
"103.105.41.209","elite","AS137143","IN","Minnal Digital Network Private Limited","188","Minnal Digital Network Private Limited","4145","socks4","4791","1","2023-07-12T06:18:34.948Z","100","2811","2821"
"5.9.147.197","elite","AS24940","DE","Hetzner Online GmbH","26","Hetzner","30000","socks4","3888","1","2023-07-12T06:18:34.947Z","100","2775","2778"
"203.13.32.236","elite","AS209242","CY","Cloudflare London, LLC","11","Lachtaristo Holdings Limited","80","socks4","2911","1","2023-07-12T06:18:34.949Z","100","2751","2751"
"124.122.137.150","elite","AS17552","TH","True Internet Co., Ltd.","286","TRUE BB","4153","socks4","5096","1","2023-07-12T06:18:34.944Z","60","1683","2826"
"103.105.40.161","elite","AS137143","IN","Minnal Digital Network Private Limited","195","Minnal Digital Network Private Limited","4145","socks4","581","1","2023-07-12T06:18:29.740Z","100","2743","2751"
"43.153.81.208","elite","AS132203","US","Shenzhen Tencent Computer Systems Company Limited","153","Tencent Cloud Computing","443","socks5","2889","1","2023-07-12T06:18:29.743Z","65","1824","2815"
"45.7.177.231","elite","AS266626","BR","Litoral Telecom","282","Litoral Telecom","39867","socks4","4691","1","2023-07-12T06:18:29.737Z","95","2697","2839"